ID_img,class
0.jpg,5
1.jpg,5
2.jpg,1
3.jpg,1
4.jpg,5
5.jpg,1
6.jpg,3
7.jpg,2
8.jpg,2
9.jpg,3
10.jpg,1
11.jpg,1
12.jpg,3
13.jpg,3
14.jpg,4
15.jpg,6
16.jpg,4
17.jpg,4
18.jpg,1
19.jpg,1
20.jpg,5
21.jpg,0
22.jpg,4
23.jpg,4
24.jpg,2
25.jpg,1
26.jpg,3
27.jpg,4
28.jpg,3
29.jpg,1
30.jpg,1
31.jpg,1
32.jpg,3
33.jpg,3
34.jpg,1
35.jpg,5
36.jpg,3
37.jpg,4
38.jpg,4
39.jpg,2
40.jpg,1
41.jpg,5
42.jpg,3
43.jpg,6
44.jpg,5
45.jpg,3
46.jpg,2
47.jpg,3
48.jpg,1
49.jpg,1
50.jpg,3
51.jpg,1
52.jpg,6
53.jpg,1
54.jpg,4
55.jpg,1
56.jpg,4
57.jpg,7
58.jpg,6
59.jpg,1
60.jpg,2
61.jpg,1
62.jpg,5
63.jpg,4
64.jpg,6
65.jpg,4
66.jpg,1
67.jpg,4
68.jpg,0
69.jpg,4
70.jpg,2
71.jpg,3
72.jpg,3
73.jpg,1
74.jpg,1
75.jpg,1
76.jpg,2
77.jpg,3
78.jpg,1
79.jpg,3
80.jpg,2
81.jpg,3
82.jpg,3
83.jpg,1
84.jpg,3
85.jpg,2
86.jpg,1
87.jpg,5
88.jpg,1
89.jpg,3
90.jpg,4
91.jpg,6
92.jpg,5
93.jpg,1
94.jpg,1
95.jpg,5
96.jpg,1
97.jpg,6
98.jpg,1
99.jpg,6
100.jpg,1
101.jpg,5
102.jpg,4
103.jpg,6
104.jpg,1
105.jpg,1
106.jpg,1
107.jpg,3
108.jpg,2
109.jpg,5
110.jpg,2
111.jpg,4
112.jpg,3
113.jpg,1
114.jpg,1
115.jpg,6
116.jpg,2
117.jpg,3
118.jpg,6
119.jpg,5
120.jpg,2
121.jpg,1
122.jpg,3
123.jpg,1
124.jpg,3
125.jpg,4
126.jpg,2
127.jpg,1
128.jpg,1
129.jpg,1
130.jpg,3
131.jpg,3
132.jpg,2
133.jpg,4
134.jpg,4
135.jpg,1
136.jpg,1
137.jpg,4
138.jpg,1
139.jpg,1
140.jpg,1
141.jpg,1
142.jpg,4
143.jpg,4
144.jpg,4
145.jpg,1
146.jpg,1
147.jpg,2
148.jpg,1
149.jpg,5
150.jpg,2
151.jpg,1
152.jpg,3
153.jpg,6
154.jpg,3
155.jpg,4
156.jpg,1
157.jpg,1
158.jpg,1
159.jpg,1
160.jpg,4
161.jpg,1
162.jpg,2
163.jpg,4
164.jpg,5
165.jpg,5
166.jpg,1
167.jpg,4
168.jpg,2
169.jpg,2
170.jpg,1
171.jpg,5
172.jpg,1
173.jpg,1
174.jpg,4
175.jpg,1
176.jpg,4
177.jpg,1
178.jpg,2
179.jpg,1
180.jpg,4
181.jpg,2
182.jpg,5
183.jpg,4
184.jpg,2
185.jpg,1
186.jpg,1
187.jpg,1
188.jpg,2
189.jpg,5
190.jpg,1
191.jpg,1
192.jpg,5
193.jpg,3
194.jpg,4
195.jpg,3
196.jpg,2
197.jpg,4
198.jpg,4
199.jpg,3
200.jpg,1
201.jpg,1
202.jpg,5
203.jpg,6
204.jpg,1
205.jpg,3
206.jpg,3
207.jpg,3
208.jpg,4
209.jpg,1
210.jpg,4
211.jpg,1
212.jpg,1
213.jpg,2
214.jpg,4
215.jpg,1
216.jpg,1
217.jpg,7
218.jpg,3
219.jpg,1
220.jpg,4
221.jpg,1
222.jpg,3
223.jpg,1
224.jpg,4
225.jpg,1
226.jpg,1
227.jpg,1
228.jpg,1
229.jpg,2
230.jpg,4
231.jpg,6
232.jpg,1
233.jpg,1
234.jpg,1
235.jpg,4
236.jpg,1
237.jpg,1
238.jpg,3
239.jpg,4
240.jpg,1
241.jpg,3
242.jpg,3
243.jpg,4
244.jpg,1
245.jpg,6
246.jpg,1
247.jpg,1
248.jpg,0
249.jpg,2
250.jpg,3
251.jpg,3
252.jpg,3
253.jpg,4
254.jpg,5
255.jpg,6
256.jpg,4
257.jpg,3
258.jpg,3
259.jpg,2
260.jpg,2
261.jpg,3
262.jpg,2
263.jpg,3
264.jpg,1
265.jpg,2
266.jpg,1
267.jpg,1
268.jpg,4
269.jpg,1
270.jpg,1
271.jpg,3
272.jpg,4
273.jpg,3
274.jpg,4
275.jpg,3
276.jpg,3
277.jpg,1
278.jpg,2
279.jpg,6
280.jpg,2
281.jpg,3
282.jpg,2
283.jpg,2
284.jpg,3
285.jpg,4
286.jpg,4
287.jpg,1
288.jpg,1
289.jpg,1
290.jpg,3
291.jpg,1
292.jpg,3
293.jpg,1
294.jpg,1
295.jpg,5
296.jpg,1
297.jpg,0
298.jpg,5
299.jpg,1
300.jpg,2
301.jpg,6
302.jpg,1
303.jpg,3
304.jpg,2
305.jpg,4
306.jpg,1
307.jpg,1
308.jpg,3
309.jpg,5
310.jpg,3
311.jpg,1
312.jpg,3
313.jpg,3
314.jpg,3
315.jpg,4
316.jpg,4
317.jpg,4
318.jpg,1
319.jpg,1
320.jpg,2
321.jpg,5
322.jpg,1
323.jpg,6
324.jpg,2
325.jpg,4
326.jpg,1
327.jpg,4
328.jpg,3
329.jpg,1
330.jpg,1
331.jpg,2
332.jpg,3
333.jpg,3
334.jpg,1
335.jpg,2
336.jpg,2
337.jpg,4
338.jpg,2
339.jpg,5
340.jpg,5
341.jpg,3
342.jpg,2
343.jpg,4
344.jpg,3
345.jpg,5
346.jpg,3
347.jpg,3
348.jpg,3
349.jpg,2
350.jpg,1
351.jpg,3
352.jpg,1
353.jpg,3
354.jpg,5
355.jpg,1
356.jpg,3
357.jpg,3
358.jpg,3
359.jpg,3
360.jpg,1
361.jpg,2
362.jpg,6
363.jpg,2
364.jpg,4
365.jpg,4
366.jpg,4
367.jpg,2
368.jpg,4
369.jpg,6
370.jpg,5
371.jpg,4
372.jpg,1
373.jpg,1
374.jpg,2
375.jpg,6
376.jpg,1
377.jpg,2
378.jpg,1
379.jpg,1
380.jpg,3
381.jpg,2
382.jpg,3
383.jpg,4
384.jpg,5
385.jpg,1
386.jpg,5
387.jpg,5
388.jpg,3
389.jpg,4
390.jpg,2
391.jpg,3
392.jpg,4
393.jpg,1
394.jpg,1
395.jpg,6
396.jpg,5
397.jpg,5
398.jpg,1
399.jpg,4
400.jpg,4
401.jpg,1
402.jpg,4
403.jpg,2
404.jpg,5
405.jpg,1
406.jpg,5
407.jpg,2
408.jpg,5
409.jpg,1
410.jpg,3
411.jpg,3
412.jpg,4
413.jpg,2
414.jpg,1
415.jpg,4
416.jpg,1
417.jpg,0
418.jpg,1
419.jpg,1
420.jpg,3
421.jpg,3
422.jpg,1
423.jpg,1
424.jpg,4
425.jpg,1
426.jpg,1
427.jpg,5
428.jpg,3
429.jpg,5
430.jpg,1
431.jpg,5
432.jpg,3
433.jpg,5
434.jpg,1
435.jpg,3
436.jpg,3
437.jpg,4
438.jpg,4
439.jpg,5
440.jpg,5
441.jpg,2
442.jpg,3
443.jpg,5
444.jpg,3
445.jpg,4
446.jpg,4
447.jpg,2
448.jpg,3
449.jpg,3
450.jpg,6
451.jpg,3
452.jpg,1
453.jpg,3
454.jpg,2
455.jpg,6
456.jpg,4
457.jpg,1
458.jpg,1
459.jpg,0
460.jpg,1
461.jpg,2
462.jpg,4
463.jpg,0
464.jpg,2
465.jpg,3
466.jpg,2
467.jpg,3
468.jpg,4
469.jpg,5
470.jpg,2
471.jpg,1
472.jpg,4
473.jpg,3
474.jpg,1
475.jpg,7
476.jpg,2
477.jpg,5
478.jpg,6
479.jpg,4
480.jpg,3
481.jpg,5
482.jpg,6
483.jpg,6
484.jpg,1
485.jpg,4
486.jpg,1
487.jpg,3
488.jpg,3
489.jpg,1
490.jpg,3
491.jpg,1
492.jpg,2
493.jpg,1
494.jpg,1
495.jpg,3
496.jpg,1
497.jpg,5
498.jpg,1
499.jpg,1
500.jpg,3
501.jpg,1
502.jpg,1
503.jpg,2
504.jpg,6
505.jpg,2
506.jpg,4
507.jpg,6
508.jpg,1
509.jpg,2
510.jpg,3
511.jpg,1
512.jpg,6
513.jpg,4
514.jpg,4
515.jpg,6
516.jpg,1
517.jpg,1
518.jpg,6
519.jpg,1
520.jpg,4
521.jpg,1
522.jpg,4
523.jpg,1
524.jpg,5
525.jpg,1
526.jpg,6
527.jpg,4
528.jpg,3
529.jpg,2
530.jpg,1
531.jpg,5
532.jpg,1
533.jpg,1
534.jpg,6
535.jpg,1
536.jpg,3
537.jpg,1
538.jpg,3
539.jpg,6
540.jpg,6
541.jpg,1
542.jpg,6
543.jpg,1
544.jpg,1
545.jpg,4
546.jpg,6
547.jpg,4
548.jpg,1
549.jpg,1
550.jpg,1
551.jpg,2
552.jpg,2
553.jpg,5
554.jpg,1
555.jpg,1
556.jpg,3
557.jpg,4
558.jpg,4
559.jpg,3
560.jpg,5
561.jpg,2
562.jpg,3
563.jpg,5
564.jpg,2
565.jpg,4
566.jpg,1
567.jpg,1
568.jpg,1
569.jpg,2
570.jpg,3
571.jpg,5
572.jpg,1
573.jpg,1
574.jpg,1
575.jpg,3
576.jpg,4
577.jpg,6
578.jpg,6
579.jpg,1
580.jpg,3
581.jpg,3
582.jpg,4
583.jpg,5
584.jpg,3
585.jpg,1
586.jpg,3
587.jpg,1
588.jpg,4
589.jpg,6
590.jpg,2
591.jpg,6
592.jpg,2
593.jpg,2
594.jpg,3
595.jpg,3
596.jpg,4
597.jpg,4
598.jpg,5
599.jpg,2
600.jpg,4
601.jpg,3
602.jpg,1
603.jpg,6
604.jpg,5
605.jpg,4
606.jpg,1
607.jpg,4
608.jpg,2
609.jpg,2
610.jpg,2
611.jpg,1
612.jpg,6
613.jpg,5
614.jpg,5
615.jpg,2
616.jpg,2
617.jpg,5
618.jpg,1
619.jpg,5
620.jpg,1
621.jpg,1
622.jpg,2
623.jpg,2
624.jpg,1
625.jpg,6
626.jpg,4
627.jpg,1
628.jpg,2
629.jpg,2
630.jpg,6
631.jpg,4
632.jpg,5
633.jpg,4
634.jpg,4
635.jpg,3
636.jpg,3
637.jpg,5
638.jpg,1
639.jpg,1
640.jpg,4
641.jpg,1
642.jpg,3
643.jpg,1
644.jpg,6
645.jpg,1
646.jpg,5
647.jpg,1
648.jpg,2
649.jpg,6
650.jpg,4
651.jpg,1
652.jpg,1
653.jpg,4
654.jpg,2
655.jpg,6
656.jpg,3
657.jpg,4
658.jpg,2
659.jpg,1
660.jpg,1
661.jpg,4
662.jpg,4
663.jpg,3
664.jpg,1
665.jpg,5
666.jpg,1
667.jpg,1
668.jpg,3
669.jpg,3
670.jpg,4
671.jpg,1
672.jpg,4
673.jpg,1
674.jpg,3
675.jpg,5
676.jpg,1
677.jpg,0
678.jpg,1
679.jpg,2
680.jpg,2
681.jpg,5
682.jpg,6
683.jpg,2
684.jpg,4
685.jpg,3
686.jpg,5
687.jpg,4
688.jpg,4
689.jpg,1
690.jpg,1
691.jpg,4
692.jpg,2
693.jpg,4
694.jpg,1
695.jpg,1
696.jpg,1
697.jpg,4
698.jpg,1
699.jpg,1
700.jpg,4
701.jpg,2
702.jpg,4
703.jpg,2
704.jpg,4
705.jpg,4
706.jpg,4
707.jpg,1
708.jpg,3
709.jpg,4
710.jpg,1
711.jpg,1
712.jpg,3
713.jpg,1
714.jpg,3
715.jpg,1
716.jpg,1
717.jpg,5
718.jpg,2
719.jpg,3
720.jpg,1
721.jpg,5
722.jpg,1
723.jpg,1
724.jpg,6
725.jpg,2
726.jpg,1
727.jpg,1
728.jpg,1
729.jpg,4
730.jpg,3
731.jpg,7
732.jpg,4
733.jpg,2
734.jpg,4
735.jpg,4
736.jpg,2
737.jpg,5
738.jpg,1
739.jpg,0
740.jpg,4
741.jpg,3
742.jpg,1
743.jpg,4
744.jpg,5
745.jpg,1
746.jpg,3
747.jpg,5
748.jpg,1
749.jpg,1
750.jpg,1
751.jpg,3
752.jpg,3
753.jpg,3
754.jpg,2
755.jpg,4
756.jpg,3
757.jpg,2
758.jpg,3
759.jpg,1
760.jpg,2
761.jpg,1
762.jpg,4
763.jpg,2
764.jpg,4
765.jpg,4
766.jpg,2
767.jpg,3
768.jpg,1
769.jpg,2
770.jpg,1
771.jpg,1
772.jpg,3
773.jpg,1
774.jpg,5
775.jpg,6
776.jpg,0
777.jpg,4
778.jpg,5
779.jpg,1
780.jpg,3
781.jpg,1
782.jpg,6
783.jpg,1
784.jpg,1
785.jpg,1
786.jpg,3
787.jpg,1
788.jpg,2
789.jpg,1
790.jpg,2
791.jpg,1
792.jpg,2
793.jpg,4
794.jpg,1
795.jpg,1
796.jpg,0
797.jpg,2
798.jpg,1
799.jpg,2
800.jpg,5
801.jpg,5
802.jpg,1
803.jpg,6
804.jpg,0
805.jpg,5
806.jpg,1
807.jpg,2
808.jpg,4
809.jpg,4
810.jpg,1
811.jpg,5
812.jpg,1
813.jpg,4
814.jpg,1
815.jpg,1
816.jpg,6
817.jpg,1
818.jpg,4
819.jpg,1
820.jpg,1
821.jpg,1
822.jpg,1
823.jpg,3
824.jpg,2
825.jpg,6
826.jpg,1
827.jpg,4
828.jpg,1
829.jpg,5
830.jpg,2
831.jpg,2
832.jpg,4
833.jpg,5
834.jpg,3
835.jpg,4
836.jpg,0
837.jpg,1
838.jpg,1
839.jpg,4
840.jpg,4
841.jpg,2
842.jpg,3
843.jpg,3
844.jpg,6
845.jpg,1
846.jpg,1
847.jpg,5
848.jpg,4
849.jpg,3
850.jpg,1
851.jpg,3
852.jpg,3
853.jpg,4
854.jpg,1
855.jpg,0
856.jpg,2
857.jpg,3
858.jpg,1
859.jpg,2
860.jpg,6
861.jpg,1
862.jpg,2
863.jpg,2
864.jpg,1
865.jpg,3
866.jpg,2
867.jpg,4
868.jpg,2
869.jpg,1
870.jpg,1
871.jpg,1
872.jpg,2
873.jpg,1
874.jpg,4
875.jpg,4
876.jpg,2
877.jpg,4
878.jpg,7
879.jpg,3
880.jpg,1
881.jpg,1
882.jpg,2
883.jpg,1
884.jpg,6
885.jpg,5
886.jpg,1
887.jpg,5
888.jpg,3
889.jpg,1
890.jpg,4
891.jpg,1
892.jpg,2
893.jpg,1
894.jpg,3
895.jpg,3
896.jpg,5
897.jpg,3
898.jpg,3
899.jpg,2
900.jpg,3
901.jpg,4
902.jpg,3
903.jpg,3
904.jpg,4
905.jpg,3
906.jpg,3
907.jpg,2
908.jpg,4
909.jpg,2
910.jpg,3
911.jpg,1
912.jpg,1
913.jpg,4
914.jpg,3
915.jpg,1
916.jpg,1
917.jpg,2
918.jpg,1
919.jpg,1
920.jpg,4
921.jpg,2
922.jpg,4
923.jpg,5
924.jpg,5
925.jpg,5
926.jpg,1
927.jpg,3
928.jpg,3
929.jpg,4
930.jpg,4
931.jpg,1
932.jpg,2
933.jpg,6
934.jpg,1
935.jpg,2
936.jpg,1
937.jpg,1
938.jpg,4
939.jpg,4
940.jpg,2
941.jpg,3
942.jpg,5
943.jpg,1
944.jpg,1
945.jpg,2
946.jpg,3
947.jpg,3
948.jpg,1
949.jpg,3
950.jpg,1
951.jpg,4
952.jpg,5
953.jpg,2
954.jpg,5
955.jpg,4
956.jpg,1
957.jpg,6
958.jpg,3
959.jpg,3
960.jpg,4
961.jpg,1
962.jpg,3
963.jpg,1
964.jpg,4
965.jpg,2
966.jpg,4
967.jpg,1
968.jpg,1
969.jpg,1
970.jpg,3
971.jpg,5
972.jpg,5
973.jpg,3
974.jpg,2
975.jpg,1
976.jpg,2
977.jpg,1
978.jpg,1
979.jpg,1
980.jpg,3
981.jpg,3
982.jpg,4
983.jpg,1
984.jpg,1
985.jpg,1
986.jpg,1
987.jpg,5
988.jpg,1
989.jpg,4
990.jpg,3
991.jpg,4
992.jpg,1
993.jpg,3
994.jpg,2
995.jpg,1
996.jpg,2
997.jpg,4
998.jpg,1
999.jpg,3
1000.jpg,3
1001.jpg,4
1002.jpg,3
1003.jpg,3
1004.jpg,3
1005.jpg,2
1006.jpg,0
1007.jpg,2
1008.jpg,2
1009.jpg,1
1010.jpg,1
1011.jpg,1
1012.jpg,3
1013.jpg,3
1014.jpg,4
1015.jpg,3
1016.jpg,4
1017.jpg,6
1018.jpg,3
1019.jpg,1
1020.jpg,2
1021.jpg,6
1022.jpg,5
1023.jpg,2
1024.jpg,2
1025.jpg,1
1026.jpg,6
1027.jpg,5
1028.jpg,6
1029.jpg,2
1030.jpg,3
1031.jpg,3
1032.jpg,5
1033.jpg,2
1034.jpg,4
1035.jpg,3
1036.jpg,2
1037.jpg,3
1038.jpg,5
1039.jpg,1
1040.jpg,1
1041.jpg,1
1042.jpg,1
1043.jpg,3
1044.jpg,2
1045.jpg,1
1046.jpg,2
1047.jpg,4
1048.jpg,1
1049.jpg,4
1050.jpg,6
1051.jpg,3
1052.jpg,6
1053.jpg,1
1054.jpg,6
1055.jpg,2
1056.jpg,4
1057.jpg,0
1058.jpg,1
1059.jpg,5
1060.jpg,2
1061.jpg,4
1062.jpg,1
1063.jpg,3
1064.jpg,4
1065.jpg,4
1066.jpg,4
1067.jpg,4
1068.jpg,1
1069.jpg,7
1070.jpg,4
1071.jpg,1
1072.jpg,1
1073.jpg,3
1074.jpg,6
1075.jpg,3
1076.jpg,4
1077.jpg,1
1078.jpg,4
1079.jpg,1
1080.jpg,3
1081.jpg,4
1082.jpg,4
1083.jpg,6
1084.jpg,6
1085.jpg,3
1086.jpg,5
1087.jpg,6
1088.jpg,3
1089.jpg,3
1090.jpg,1
1091.jpg,4
1092.jpg,2
1093.jpg,7
1094.jpg,2
1095.jpg,3
1096.jpg,2
1097.jpg,1
1098.jpg,6
1099.jpg,4
1100.jpg,2
1101.jpg,2
1102.jpg,2
1103.jpg,1
1104.jpg,6
1105.jpg,1
1106.jpg,2
1107.jpg,1
1108.jpg,2
1109.jpg,1
1110.jpg,4
1111.jpg,6
1112.jpg,1
1113.jpg,4
1114.jpg,4
1115.jpg,6
1116.jpg,2
1117.jpg,1
1118.jpg,3
1119.jpg,2
1120.jpg,1
1121.jpg,6
1122.jpg,1
1123.jpg,3
1124.jpg,4
1125.jpg,1
1126.jpg,1
1127.jpg,6
1128.jpg,2
1129.jpg,4
1130.jpg,4
1131.jpg,6
1132.jpg,5
1133.jpg,2
1134.jpg,4
1135.jpg,1
1136.jpg,6
1137.jpg,5
1138.jpg,1
1139.jpg,2
1140.jpg,5
1141.jpg,6
1142.jpg,4
1143.jpg,1
1144.jpg,2
1145.jpg,0
1146.jpg,1
1147.jpg,1
1148.jpg,1
1149.jpg,4
1150.jpg,6
1151.jpg,2
1152.jpg,1
1153.jpg,4
1154.jpg,1
1155.jpg,1
1156.jpg,5
1157.jpg,2
1158.jpg,1
1159.jpg,6
1160.jpg,4
1161.jpg,1
1162.jpg,1
1163.jpg,3
1164.jpg,3
1165.jpg,1
1166.jpg,1
1167.jpg,1
1168.jpg,4
1169.jpg,3
1170.jpg,2
1171.jpg,1
1172.jpg,4
1173.jpg,2
1174.jpg,3
1175.jpg,3
1176.jpg,3
1177.jpg,1
1178.jpg,3
1179.jpg,2
1180.jpg,1
1181.jpg,2
1182.jpg,4
1183.jpg,4
1184.jpg,1
1185.jpg,1
1186.jpg,2
1187.jpg,3
1188.jpg,1
1189.jpg,4
1190.jpg,1
1191.jpg,4
1192.jpg,2
1193.jpg,4
1194.jpg,1
1195.jpg,4
1196.jpg,1
1197.jpg,1
1198.jpg,6
1199.jpg,1
1200.jpg,3
1201.jpg,5
1202.jpg,6
1203.jpg,2
1204.jpg,4
1205.jpg,1
1206.jpg,0
1207.jpg,2
1208.jpg,1
1209.jpg,2
1210.jpg,3
1211.jpg,1
1212.jpg,1
1213.jpg,2
1214.jpg,1
1215.jpg,4
1216.jpg,1
1217.jpg,1
1218.jpg,4
1219.jpg,3
1220.jpg,1
1221.jpg,4
1222.jpg,5
1223.jpg,1
1224.jpg,1
1225.jpg,4
1226.jpg,5
1227.jpg,1
1228.jpg,6
1229.jpg,2
1230.jpg,1
1231.jpg,3
1232.jpg,3
1233.jpg,1
1234.jpg,3
1235.jpg,1
1236.jpg,2
1237.jpg,6
1238.jpg,1
1239.jpg,3
1240.jpg,1
1241.jpg,1
1242.jpg,2
1243.jpg,1
1244.jpg,2
1245.jpg,2
1246.jpg,3
1247.jpg,2
1248.jpg,1
1249.jpg,3
1250.jpg,3
1251.jpg,3
1252.jpg,3
1253.jpg,2
1254.jpg,2
1255.jpg,4
1256.jpg,3
1257.jpg,3
1258.jpg,1
1259.jpg,4
1260.jpg,3
1261.jpg,3
1262.jpg,4
1263.jpg,1
1264.jpg,1
1265.jpg,3
1266.jpg,2
1267.jpg,1
1268.jpg,1
1269.jpg,3
1270.jpg,5
1271.jpg,1
1272.jpg,3
1273.jpg,1
1274.jpg,1
1275.jpg,1
1276.jpg,5
1277.jpg,1
1278.jpg,4
1279.jpg,1
1280.jpg,3
1281.jpg,4
1282.jpg,1
1283.jpg,5
1284.jpg,5
1285.jpg,1
1286.jpg,6
1287.jpg,3
1288.jpg,4
1289.jpg,1
1290.jpg,0
1291.jpg,1
1292.jpg,2
1293.jpg,1
1294.jpg,1
1295.jpg,6
1296.jpg,3
1297.jpg,1
1298.jpg,4
1299.jpg,3
1300.jpg,4
1301.jpg,3
1302.jpg,4
1303.jpg,3
1304.jpg,3
1305.jpg,4
1306.jpg,1
1307.jpg,1
1308.jpg,1
1309.jpg,1
1310.jpg,3
1311.jpg,1
1312.jpg,1
1313.jpg,5
1314.jpg,1
1315.jpg,4
1316.jpg,3
1317.jpg,4
1318.jpg,4
1319.jpg,3
1320.jpg,1
1321.jpg,6
1322.jpg,6
1323.jpg,1
1324.jpg,1
1325.jpg,1
1326.jpg,2
1327.jpg,3
1328.jpg,3
1329.jpg,5
1330.jpg,5
1331.jpg,4
1332.jpg,2
1333.jpg,4
1334.jpg,1
1335.jpg,2
1336.jpg,4
1337.jpg,1
1338.jpg,1
1339.jpg,1
1340.jpg,6
1341.jpg,1
1342.jpg,1
1343.jpg,2
1344.jpg,3
1345.jpg,3
1346.jpg,4
1347.jpg,1
1348.jpg,5
1349.jpg,2
1350.jpg,3
1351.jpg,3
1352.jpg,1
1353.jpg,1
1354.jpg,1
1355.jpg,3
1356.jpg,3
1357.jpg,5
1358.jpg,4
1359.jpg,4
1360.jpg,1
1361.jpg,1
1362.jpg,4
1363.jpg,1
1364.jpg,4
1365.jpg,1
1366.jpg,2
1367.jpg,4
1368.jpg,3
1369.jpg,2
1370.jpg,4
1371.jpg,1
1372.jpg,3
1373.jpg,4
1374.jpg,3
1375.jpg,5
1376.jpg,5
1377.jpg,1
1378.jpg,1
1379.jpg,1
1380.jpg,1
1381.jpg,3
1382.jpg,5
1383.jpg,1
1384.jpg,4
1385.jpg,1
1386.jpg,1
1387.jpg,6
1388.jpg,1
1389.jpg,2
1390.jpg,1
1391.jpg,1
1392.jpg,3
1393.jpg,4
1394.jpg,3
1395.jpg,2
1396.jpg,5
1397.jpg,3
1398.jpg,1
1399.jpg,4
1400.jpg,5
1401.jpg,1
1402.jpg,6
1403.jpg,3
1404.jpg,6
1405.jpg,1
1406.jpg,1
1407.jpg,1
1408.jpg,3
1409.jpg,4
1410.jpg,1
1411.jpg,4
1412.jpg,4
1413.jpg,3
1414.jpg,1
1415.jpg,1
1416.jpg,6
1417.jpg,1
1418.jpg,1
1419.jpg,5
1420.jpg,3
1421.jpg,2
1422.jpg,2
1423.jpg,4
1424.jpg,2
1425.jpg,3
1426.jpg,1
1427.jpg,2
1428.jpg,1
1429.jpg,2
1430.jpg,5
1431.jpg,1
1432.jpg,4
1433.jpg,4
1434.jpg,3
1435.jpg,3
1436.jpg,3
1437.jpg,1
1438.jpg,1
1439.jpg,4
1440.jpg,5
1441.jpg,3
1442.jpg,3
1443.jpg,1
1444.jpg,2
1445.jpg,5
1446.jpg,4
1447.jpg,1
1448.jpg,3
1449.jpg,4
1450.jpg,3
1451.jpg,4
1452.jpg,3
1453.jpg,1
1454.jpg,1
1455.jpg,5
1456.jpg,3
1457.jpg,1
1458.jpg,1
1459.jpg,5
1460.jpg,5
1461.jpg,2
1462.jpg,2
1463.jpg,3
1464.jpg,3
1465.jpg,1
1466.jpg,4
1467.jpg,1
1468.jpg,3
1469.jpg,3
1470.jpg,4
1471.jpg,1
1472.jpg,6
1473.jpg,2
1474.jpg,1
1475.jpg,1
1476.jpg,2
1477.jpg,1
1478.jpg,5
1479.jpg,4
1480.jpg,3
1481.jpg,1
1482.jpg,5
1483.jpg,3
1484.jpg,4
1485.jpg,2
1486.jpg,1
1487.jpg,2
1488.jpg,4
1489.jpg,1
1490.jpg,1
1491.jpg,1
1492.jpg,3
1493.jpg,4
1494.jpg,3
1495.jpg,3
1496.jpg,6
1497.jpg,4
1498.jpg,1
1499.jpg,6
1500.jpg,1
1501.jpg,4
1502.jpg,4
1503.jpg,5
1504.jpg,3
1505.jpg,3
1506.jpg,1
1507.jpg,5
1508.jpg,5
1509.jpg,2
1510.jpg,1
1511.jpg,4
1512.jpg,3
1513.jpg,6
1514.jpg,5
1515.jpg,1
1516.jpg,3
1517.jpg,2
1518.jpg,1
1519.jpg,3
1520.jpg,5
1521.jpg,4
1522.jpg,6
1523.jpg,2
1524.jpg,2
1525.jpg,1
1526.jpg,1
1527.jpg,6
1528.jpg,2
1529.jpg,6
1530.jpg,2
1531.jpg,4
1532.jpg,4
1533.jpg,6
1534.jpg,4
1535.jpg,2
1536.jpg,1
1537.jpg,3
1538.jpg,0
1539.jpg,1
1540.jpg,3
1541.jpg,1
1542.jpg,1
1543.jpg,2
1544.jpg,5
1545.jpg,1
1546.jpg,1
1547.jpg,4
1548.jpg,5
1549.jpg,3
1550.jpg,1
1551.jpg,3
1552.jpg,3
1553.jpg,1
1554.jpg,1
1555.jpg,2
1556.jpg,5
1557.jpg,1
1558.jpg,4
1559.jpg,5
1560.jpg,0
1561.jpg,2
1562.jpg,4
1563.jpg,1
1564.jpg,1
1565.jpg,7
1566.jpg,3
1567.jpg,1
1568.jpg,1
1569.jpg,1
1570.jpg,4
1571.jpg,1
1572.jpg,2
1573.jpg,3
1574.jpg,3
1575.jpg,3
1576.jpg,2
1577.jpg,1
1578.jpg,2
1579.jpg,3
1580.jpg,2
1581.jpg,1
1582.jpg,6
1583.jpg,3
1584.jpg,5
1585.jpg,4
1586.jpg,0
1587.jpg,1
1588.jpg,5
1589.jpg,5
1590.jpg,5
1591.jpg,1
1592.jpg,5
1593.jpg,4
1594.jpg,1
1595.jpg,2
1596.jpg,1
1597.jpg,1
1598.jpg,4
1599.jpg,1
1600.jpg,2
1601.jpg,4
1602.jpg,1
1603.jpg,4
1604.jpg,1
1605.jpg,4
1606.jpg,3
1607.jpg,4
1608.jpg,3
1609.jpg,1
1610.jpg,1
1611.jpg,5
1612.jpg,0
1613.jpg,4
1614.jpg,1
1615.jpg,5
1616.jpg,1
1617.jpg,2
1618.jpg,3
1619.jpg,1
1620.jpg,1
1621.jpg,1
1622.jpg,7
1623.jpg,4
1624.jpg,3
1625.jpg,5
1626.jpg,2
1627.jpg,4
1628.jpg,2
1629.jpg,2
1630.jpg,1
1631.jpg,3
1632.jpg,6
1633.jpg,4
1634.jpg,3
1635.jpg,6
1636.jpg,3
1637.jpg,1
1638.jpg,6
1639.jpg,0
1640.jpg,5
1641.jpg,3
1642.jpg,1
1643.jpg,4
1644.jpg,4
1645.jpg,5
1646.jpg,6
1647.jpg,1
1648.jpg,1
1649.jpg,3
1650.jpg,3
1651.jpg,5
1652.jpg,1
1653.jpg,1
1654.jpg,2
1655.jpg,4
1656.jpg,4
1657.jpg,3
1658.jpg,4
1659.jpg,3
1660.jpg,2
1661.jpg,1
1662.jpg,1
1663.jpg,5
1664.jpg,1
1665.jpg,1
1666.jpg,4
1667.jpg,1
1668.jpg,3
1669.jpg,4
1670.jpg,2
1671.jpg,0
1672.jpg,1
1673.jpg,2
1674.jpg,1
1675.jpg,5
1676.jpg,3
1677.jpg,4
1678.jpg,1
1679.jpg,4
1680.jpg,1
1681.jpg,3
1682.jpg,3
1683.jpg,1
1684.jpg,1
1685.jpg,4
1686.jpg,1
1687.jpg,1
1688.jpg,2
1689.jpg,1
1690.jpg,3
1691.jpg,1
1692.jpg,2
1693.jpg,3
1694.jpg,2
1695.jpg,6
1696.jpg,5
1697.jpg,1
1698.jpg,1
1699.jpg,3
1700.jpg,1
1701.jpg,1
1702.jpg,4
1703.jpg,4
1704.jpg,3
1705.jpg,5
1706.jpg,6
1707.jpg,1
1708.jpg,3
1709.jpg,3
1710.jpg,4
1711.jpg,4
1712.jpg,4
1713.jpg,2
1714.jpg,1
1715.jpg,1
1716.jpg,4
1717.jpg,2
1718.jpg,3
1719.jpg,4
1720.jpg,5
1721.jpg,5
1722.jpg,3
1723.jpg,5
1724.jpg,1
1725.jpg,1
1726.jpg,1
1727.jpg,4
1728.jpg,1
1729.jpg,1
1730.jpg,6
1731.jpg,4
1732.jpg,2
1733.jpg,1
1734.jpg,3
1735.jpg,6
1736.jpg,4
1737.jpg,1
1738.jpg,3
1739.jpg,1
1740.jpg,6
1741.jpg,1
1742.jpg,5
1743.jpg,4
1744.jpg,4
1745.jpg,1
1746.jpg,3
1747.jpg,2
1748.jpg,3
1749.jpg,4
1750.jpg,3
1751.jpg,1
1752.jpg,4
1753.jpg,4
1754.jpg,1
1755.jpg,5
1756.jpg,1
1757.jpg,2
1758.jpg,3
1759.jpg,1
1760.jpg,3
1761.jpg,1
1762.jpg,3
1763.jpg,1
1764.jpg,5
1765.jpg,1
1766.jpg,3
1767.jpg,1
1768.jpg,4
1769.jpg,6
1770.jpg,6
1771.jpg,3
1772.jpg,3
1773.jpg,4
1774.jpg,2
1775.jpg,5
1776.jpg,1
1777.jpg,1
1778.jpg,1
1779.jpg,2
1780.jpg,1
1781.jpg,7
1782.jpg,3
1783.jpg,1
1784.jpg,4
1785.jpg,6
1786.jpg,5
1787.jpg,4
1788.jpg,4
1789.jpg,4
1790.jpg,3
1791.jpg,4
1792.jpg,1
1793.jpg,6
1794.jpg,1
1795.jpg,4
1796.jpg,3
1797.jpg,1
1798.jpg,1
1799.jpg,1
1800.jpg,1
1801.jpg,1
1802.jpg,3
1803.jpg,4
1804.jpg,2
1805.jpg,3
1806.jpg,3
1807.jpg,1
1808.jpg,4
1809.jpg,4
1810.jpg,1
1811.jpg,1
1812.jpg,3
1813.jpg,4
1814.jpg,2
1815.jpg,1
1816.jpg,1
1817.jpg,1
1818.jpg,6
1819.jpg,2
1820.jpg,1
1821.jpg,1
1822.jpg,2
1823.jpg,1
1824.jpg,3
1825.jpg,3
1826.jpg,1
1827.jpg,3
1828.jpg,1
1829.jpg,1
1830.jpg,1
1831.jpg,4
1832.jpg,1
1833.jpg,1
1834.jpg,4
1835.jpg,3
1836.jpg,3
1837.jpg,1
1838.jpg,6
1839.jpg,4
1840.jpg,1
1841.jpg,3
1842.jpg,5
1843.jpg,1
1844.jpg,1
1845.jpg,2
1846.jpg,3
1847.jpg,3
1848.jpg,2
1849.jpg,1
1850.jpg,3
1851.jpg,3
1852.jpg,1
1853.jpg,4
1854.jpg,1
1855.jpg,1
1856.jpg,1
1857.jpg,4
1858.jpg,2
1859.jpg,1
1860.jpg,1
1861.jpg,1
1862.jpg,1
1863.jpg,4
1864.jpg,3
1865.jpg,5
1866.jpg,1
1867.jpg,5
1868.jpg,3
1869.jpg,4
1870.jpg,1
1871.jpg,4
1872.jpg,1
1873.jpg,3
1874.jpg,1
1875.jpg,0
1876.jpg,3
1877.jpg,3
1878.jpg,1
1879.jpg,1
1880.jpg,1
1881.jpg,2
1882.jpg,2
1883.jpg,3
1884.jpg,2
1885.jpg,1
1886.jpg,5
1887.jpg,4
1888.jpg,4
1889.jpg,1
1890.jpg,4
1891.jpg,2
1892.jpg,3
1893.jpg,1
1894.jpg,1
1895.jpg,5
1896.jpg,4
1897.jpg,1
1898.jpg,2
1899.jpg,1
1900.jpg,3
1901.jpg,1
1902.jpg,1
1903.jpg,1
1904.jpg,4
1905.jpg,1
1906.jpg,1
1907.jpg,6
1908.jpg,4
1909.jpg,1
1910.jpg,6
1911.jpg,1
1912.jpg,4
1913.jpg,1
1914.jpg,4
1915.jpg,6
1916.jpg,3
1917.jpg,4
1918.jpg,3
1919.jpg,3
1920.jpg,3
1921.jpg,4
1922.jpg,3
1923.jpg,5
1924.jpg,4
1925.jpg,2
1926.jpg,6
1927.jpg,4
1928.jpg,1
1929.jpg,4
1930.jpg,3
1931.jpg,3
1932.jpg,1
1933.jpg,5
1934.jpg,1
1935.jpg,6
1936.jpg,3
1937.jpg,4
1938.jpg,1
1939.jpg,4
1940.jpg,2
1941.jpg,3
1942.jpg,3
1943.jpg,2
1944.jpg,3
1945.jpg,2
1946.jpg,1
1947.jpg,1
1948.jpg,3
1949.jpg,2
1950.jpg,3
1951.jpg,3
1952.jpg,1
1953.jpg,3
1954.jpg,4
1955.jpg,2
1956.jpg,1
1957.jpg,3
1958.jpg,1
1959.jpg,1
1960.jpg,1
1961.jpg,2
1962.jpg,5
1963.jpg,3
1964.jpg,4
1965.jpg,5
1966.jpg,0
1967.jpg,4
1968.jpg,5
1969.jpg,2
1970.jpg,1
1971.jpg,3
1972.jpg,3
1973.jpg,5
1974.jpg,2
1975.jpg,1
1976.jpg,2
1977.jpg,3
1978.jpg,1
1979.jpg,1
1980.jpg,4
1981.jpg,4
1982.jpg,3
1983.jpg,4
1984.jpg,3
1985.jpg,3
1986.jpg,2
1987.jpg,4
1988.jpg,4
1989.jpg,4
1990.jpg,1
1991.jpg,1
1992.jpg,4
1993.jpg,4
1994.jpg,4
1995.jpg,3
1996.jpg,4
1997.jpg,1
1998.jpg,1
1999.jpg,4
2000.jpg,3
2001.jpg,4
2002.jpg,5
2003.jpg,1
2004.jpg,3
2005.jpg,3
2006.jpg,1
2007.jpg,1
2008.jpg,3
2009.jpg,1
2010.jpg,4
2011.jpg,1
2012.jpg,1
2013.jpg,2
2014.jpg,5
2015.jpg,3
2016.jpg,3
2017.jpg,4
2018.jpg,4
2019.jpg,3
2020.jpg,5
2021.jpg,3
2022.jpg,1
2023.jpg,2
2024.jpg,2
2025.jpg,1
2026.jpg,5
2027.jpg,5
2028.jpg,4
2029.jpg,6
2030.jpg,7
2031.jpg,3
2032.jpg,5
2033.jpg,3
2034.jpg,5
2035.jpg,6
2036.jpg,1
2037.jpg,2
2038.jpg,3
2039.jpg,3
2040.jpg,2
2041.jpg,1
2042.jpg,1
2043.jpg,3
2044.jpg,3
2045.jpg,1
2046.jpg,1
2047.jpg,6
2048.jpg,1
2049.jpg,2
2050.jpg,5
2051.jpg,5
2052.jpg,1
2053.jpg,1
2054.jpg,6
2055.jpg,1
2056.jpg,1
2057.jpg,1
2058.jpg,7
2059.jpg,3
2060.jpg,3
2061.jpg,5
2062.jpg,1
2063.jpg,5
2064.jpg,2
2065.jpg,1
2066.jpg,1
2067.jpg,3
2068.jpg,5
2069.jpg,5
2070.jpg,1
2071.jpg,6
2072.jpg,1
2073.jpg,2
2074.jpg,1
2075.jpg,6
2076.jpg,4
2077.jpg,3
2078.jpg,4
2079.jpg,1
2080.jpg,4
2081.jpg,1
2082.jpg,2
2083.jpg,1
2084.jpg,1
2085.jpg,1
2086.jpg,5
2087.jpg,5
2088.jpg,1
2089.jpg,5
2090.jpg,4
2091.jpg,3
2092.jpg,1
2093.jpg,3
2094.jpg,4
2095.jpg,6
2096.jpg,1
2097.jpg,2
2098.jpg,6
2099.jpg,3
2100.jpg,2
2101.jpg,5
2102.jpg,1
2103.jpg,4
2104.jpg,5
2105.jpg,1
2106.jpg,4
2107.jpg,4
2108.jpg,6
2109.jpg,3
2110.jpg,3
2111.jpg,6
2112.jpg,4
2113.jpg,4
2114.jpg,1
2115.jpg,1
2116.jpg,4
2117.jpg,3
2118.jpg,3
2119.jpg,3
2120.jpg,4
2121.jpg,4
2122.jpg,0
2123.jpg,5
2124.jpg,3
2125.jpg,3
2126.jpg,3
2127.jpg,5
2128.jpg,5
2129.jpg,0
2130.jpg,2
2131.jpg,4
2132.jpg,1
2133.jpg,6
2134.jpg,4
2135.jpg,1
2136.jpg,3
2137.jpg,1
